{
  "LowIncome": [
    {
      "DATE": "2021-03-08",
      "STATE_CASE_RATE_PER_100K": 8590.25705995341,
      "CASE_RATE_PER_100K": 11819.3237878568,
      "POPULATION": 7290434,
      "CASES_7DAYAVG_7DAYSAGO": 861680,
      "RATE_DIFF_30_DAYS": 3451.05654889682
    }
  ]
}